09-05-2021,,XSS,192.168.1.190,US
10-05-2021,,SQL injection,192.168.1.190,Morocco
11-05-2021,,XSS,192.168.1.190,US
11-05-2021,,XSS,192.168.1.190,US
12-05-2021,,SQL injection,192.168.1.190,Mexico
13-05-2021,,SQL injection,192.168.1.190,US
14-05-2021,,XSS,192.168.1.190,Russia
15-05-2021,,XSS,192.168.1.190,US
16-05-2021,,SQL injection,192.168.1.190,Russia
17-05-2021,,XSS,192.168.1.190,US
18-05-2021,,XSS,192.168.1.190,Russia
15-05-2021,,XSS,192.168.1.190,US
16-05-2021,,DOS,192.168.1.190,Russia
17-05-2021,,XSS,192.168.1.190,US
18-05-2021,,XSS,192.168.1.190,Russia
