15-06-2021,12:00:26,80,73.34.53.22,Russia
15-06-2021,12:00:26,80,73.34.53.22,US
15-06-2021,12:00:26,80,73.34.53.22,Morocco
15-06-2021,12:00:26,80,73.34.53.22,US
15-06-2021,12:00:26,22,73.34.53.22,Hong Kong
15-06-2021,12:00:26,80,73.34.53.22,US
15-06-2021,12:00:26,3306,73.34.53.22,US
15-06-2021,12:00:26,4490,73.34.53.22,Iran
15-06-2021,12:00:26,80,73.34.53.22,Iran
15-06-2021,12:00:26,80,73.34.53.22,US
15-06-2021,12:00:26,80,73.34.53.22,Morocco
15-06-2021,12:00:26,24,73.34.53.22,Morocco
15-06-2021,12:00:26,80,73.34.53.22,Morocco
15-06-2021,12:00:26,80,73.34.53.22,Morocco
15-06-2021,12:00:26,80,73.34.53.22,US
15-06-2021,12:00:26,80,73.34.53.22,US
15-06-2021,12:00:26,5000,73.34.53.22,US
